district,rera_id,project_name,promoter_name,location_pin_code,location_lat_long,project_status,proposed_date_of_completion,revised_proposed_date_of_completion,extended_date_of_completion,project_type,project_area_(sqmts),recreational_open_space,sanctioned_fsi,date_last_modified,cases_count,number_of_appartments,number_of_booked_appartments,number_of_basements,number_of_plinth,number_of_podiums,number_of_sanctioned_floors,number_of_stilts,total_no__of_open_parking_as_per_sanctioned_plan_(4-wheeler+2-wheeler),number_of_closed_parking,number_of_plots,area_of_plot(in_sqmts),number_of_plots_booked_/_alloted_/_sold
Dadra & Nagar Haveli,P49600000001,Pramukh Sneh Phase 2,Pramukh Realty,396230,"('20.255317591410726','73.011128801605200')",On-Going Project,12/31/2018,12/31/2018,,Group Housing,3709.0,384.0,5708.0,03/09/2020,,144.0,132.0,0.0,2.0,0.0,20.0,2.0,44.0,0.0,0.0,0.0,0.0
Dadra & Nagar Haveli,P49600000048,SIGNATURE HEIGHTS,SHRI BALAJI REALITY,396230,"('20.278759999999998','73.008037999999999')",New Project,12/15/2019,,12/14/2021,Mixed Development(Residential  and Commercial),2600.0,1803.59,5029.97,08/18/2021,,79.0,0.0,1.0,1.0,0.0,10.0,1.0,0.0,68.0,0.0,0.0,0.0
Dadra & Nagar Haveli,P49600000002,DEEP LAXMI DEVELOPERS,DEEP LAXMI DEVELOPERS,396230,"('21.111700200000001','79.072979300000000')",On-Going Project,03/31/2018,09/30/2020,,Mixed Development(Residential  and Commercial),1004.0,997.61,8101.16,05/16/2018,,63.0,30.0,0.0,1.0,0.0,8.0,0.0,0.0,0.0,0.0,0.0,0.0
Dadra & Nagar Haveli,P49600000004,PRAMUKH GARDENS PHASE 2,PRASHANT DEVELOPERS PVT LTD,396230,"('20.280017249361848','73.010459290351830')",On-Going Project,12/31/2019,12/31/2019,,Group Housing,11614.17,2331.0,20522.61,07/02/2019,,189.0,100.0,0.0,5.0,0.0,50.0,5.0,80.0,0.0,0.0,0.0,0.0
Dadra & Nagar Haveli,P49600000010,VRUNDAVAN,SILVASSA ASBESTOS CEMENT PRODUCT,396230,"('20.282335000000000','73.011070000000004')",On-Going Project,10/31/2018,10/31/2018,,Mixed Development(Residential  and Commercial),12977.25,1309.26,6298.28,09/21/2019,,112.0,12.0,0.0,2.0,0.0,10.0,2.0,0.0,2.0,0.0,0.0,0.0
Dadra & Nagar Haveli,P49600000051,SAHJANAND PARK,LAXMI REALTORS,396230,"('20.281794999999999','73.009574999999998')",New Project,12/22/2024,,,Group Housing,8836.0,441.8,8362.0,04/06/2018,,268.0,0.0,0.0,6.0,0.0,30.0,6.0,6.0,6.0,0.0,0.0,0.0
Dadra & Nagar Haveli,P49600000008,Pramukh Sangam Phase 2,Pramukh Devcon Pvt. Ltd,396230,"('20.256801800000000','73.011018100000000')",On-Going Project,03/31/2019,03/31/2019,,Group Housing,3940.65,806.73,7757.2,08/22/2020,,144.0,130.0,0.0,2.0,0.0,20.0,2.0,49.0,0.0,0.0,0.0,0.0
Dadra & Nagar Haveli,P49600000031,SHASHIKALP CLASSIC,SHREE SHIV BUILDERS,396230,"('20.255680999999999','73.009666999999993')",On-Going Project,07/31/2018,07/31/2018,07/31/2019,Mixed Development(Residential  and Commercial),2000.0,0.0,3751.75,10/16/2019,,111.0,65.0,0.0,1.0,0.0,10.0,0.0,0.0,18.0,0.0,0.0,0.0
Dadra & Nagar Haveli,P49600000006,Yogi Milan Phase 2,Shiv Builders,396230,"('20.279993031798483','72.992042466934210')",On-Going Project,03/31/2019,03/31/2019,,Group Housing,4360.0,512.0,8706.92,06/20/2019,,162.0,160.0,0.0,3.0,0.0,30.0,3.0,60.0,54.0,0.0,0.0,0.0
Dadra & Nagar Haveli,P49600000005,PRABHAT APPARTMENT,AB DEVELOPERS,396230,"('20.280571999999999','73.006394999999998')",On-Going Project,01/15/2018,05/15/2018,,Group Housing,630.5,0.0,756.6,10/31/2018,,16.0,16.0,0.0,0.0,0.0,5.0,1.0,0.0,1.0,0.0,0.0,0.0
Dadra & Nagar Haveli,P49600000042,THE VEDAS,Sai Infrastructure and Developers,396230,"('18.597300199999999','73.692523600000001')",New Project,12/30/2023,,,Mixed Development(Residential  and Commercial),6130.0,707.0,4840.0,12/18/2023,,96.0,0.0,1.0,1.0,0.0,9.0,0.0,1.0,0.0,0.0,0.0,0.0
Dadra & Nagar Haveli,P49600000029,"JAS LUXURIA , J-1",ASHNAY Developers,396230,"('20.273105999999999','72.994921000000005')",On-Going Project,12/30/2019,12/30/2019,,Mixed Development(Residential  and Commercial),1930.73,0.0,6359.62,07/10/2020,,70.0,6.0,2.0,2.0,0.0,20.0,0.0,10.0,16.0,0.0,0.0,0.0
Dadra & Nagar Haveli,P49600000041,SRI MADHAV RESIDENCY,SRI MADHAV CORPORATION,396193,"('18.450729800000001','73.891401299999998')",On-Going Project,12/31/2022,12/30/2023,,Group Housing,5950.0,492.24,8881.99,11/18/2017,,196.0,49.0,0.0,4.0,0.0,37.0,4.0,62.0,21.0,0.0,0.0,0.0
Dadra & Nagar Haveli,P49600000022,Yogi Milan Phase 3,Shiv Builders,396230,"('20.279428706837507','72.992317687241330')",On-Going Project,03/31/2020,09/30/2020,,Group Housing,4463.0,524.0,8925.54,07/07/2020,,144.0,136.0,0.0,2.0,0.0,20.0,2.0,40.0,50.0,0.0,0.0,0.0
Dadra & Nagar Haveli,P49600000033,SPRING CITY,SPRING CITY DEVELOPERS,396230,"('20.241790999999999','73.008471000000000')",On-Going Project,12/31/2025,12/30/2026,,Group Housing,14620.0,1462.0,30415.84,08/11/2021,,432.0,146.0,0.0,7.0,0.0,63.0,7.0,90.0,130.0,0.0,0.0,0.0
Dadra & Nagar Haveli,P49600000025,SRI KONARK PLAZA,SRI KONARK CORPORATION,396230,"('19.864021500000000','75.263947999999999')",On-Going Project,10/31/2018,10/31/2018,,Mixed Development(Residential  and Commercial),1550.0,0.0,2779.06,10/30/2017,,46.0,13.0,0.0,1.0,0.0,5.0,1.0,1.0,1.0,0.0,0.0,0.0
Dadra & Nagar Haveli,P49600000003,SAI AURA,DATTA PROJECTS PVT LTD,396230,"('20.280000000000000','72.980000000000000')",On-Going Project,12/31/2019,10/30/2020,,Mixed Development(Residential  and Commercial),4520.0,452.0,8814.0,02/10/2020,,181.0,115.0,0.0,4.0,0.0,20.0,2.0,0.0,37.0,0.0,0.0,0.0
Dadra & Nagar Haveli,P49600000009,AKSHAR GREENS,MUNIVAR DEVELOPERS,396230,"('20.263558000000000','72.998581000000002')",On-Going Project,10/09/2022,10/09/2023,,Mixed Development(Residential  and Commercial),7900.0,783.47,15430.67,09/02/2023,,310.0,92.0,0.0,0.0,0.0,40.0,27.0,68.0,27.0,0.0,0.0,0.0
Dadra & Nagar Haveli,P49600000007,TIRUPATI RESIDENCY,DATTA PROJECTS PVT LTD,396230,"('20.281272000000001','72.991911000000002')",On-Going Project,12/31/2018,03/30/2019,,Mixed Development(Residential  and Commercial),3888.0,580.0,7344.19,03/27/2022,,109.0,91.0,1.0,2.0,0.0,12.0,1.0,0.0,1.0,0.0,0.0,0.0
Dadra & Nagar Haveli,P49600000021,HORIZON HEIGHTS B WING,JUPITER BUILDER AND DEVELOPERS,396230,"('20.283288359368683','73.003685134393320')",On-Going Project,03/31/2019,03/31/2019,09/30/2020,Group Housing,2100.0,0.0,4071.78,09/02/2022,,99.0,41.0,0.0,1.0,0.0,10.0,1.0,0.0,24.0,0.0,0.0,0.0
Dadra & Nagar Haveli,P49600000032,HARI LILA,DEEPAK HARGOVIND DOSHI,396230,"('21.097704900000000','79.129451599999996')",On-Going Project,12/31/2018,12/31/2018,,Mixed Development(Residential  and Commercial),1900.0,275.82,2215.84,10/22/2019,,30.0,9.0,1.0,1.0,0.0,5.0,1.0,0.0,12.0,0.0,0.0,0.0
Dadra & Nagar Haveli,P49600000023,SHIVAM HEIGHTS,KRISHNA ENTERPRISE,396230,"('20.243175000000001','73.012625000000000')",On-Going Project,12/31/2020,12/30/2021,,Mixed Development(Residential  and Commercial),4149.19,456.0,6698.89,01/08/2022,,164.0,109.0,0.0,2.0,0.0,20.0,0.0,30.0,29.0,0.0,0.0,0.0
Dadra & Nagar Haveli,P49600000019,SAI NAGAR PHASE 2 K WING,DATTAINFINITY,396230,"('21.020271800000000','79.049144999999996')",On-Going Project,10/31/2018,03/31/2019,,Group Housing,2000.0,180.0,3841.38,02/10/2020,,90.0,71.0,0.0,1.0,0.0,10.0,1.0,0.0,26.0,0.0,0.0,0.0
Dadra & Nagar Haveli,P49600000038,MAHADEV RESIDENCY NAROLI,MAGIC RETREAT,396235,"('20.282865999999999','72.939796999999999')",New Project,12/30/2022,,06/30/2023,Group Housing,16900.0,6483.0,15264.57,02/21/2023,,282.0,37.0,0.0,11.0,0.0,25.0,11.0,0.0,11.0,0.0,0.0,0.0
Dadra & Nagar Haveli,P49600000030,JAS Exotica Phase II,Hriday Developers,396230,"('20.275268000000001','72.993707999999998')",On-Going Project,12/31/2019,12/31/2019,,Group Housing,1371.01,0.0,5197.32,10/24/2019,,44.0,19.0,0.0,1.0,0.0,12.0,1.0,0.0,19.0,0.0,0.0,0.0
Dadra & Nagar Haveli,P49600000028,PADMAVATI ENCLAVE PHASE 2,Juzer Firoz Stovewalla,396230,"('20.124054000000001','73.069247000000004')",On-Going Project,03/31/2018,03/31/2018,,Group Housing,999.77,395.0,2299.73,12/21/2018,,32.0,14.0,0.0,1.0,0.0,5.0,1.0,0.0,16.0,0.0,0.0,0.0
Dadra & Nagar Haveli,P49600000013,MANORATH RESIDENCY PHASE - 2,Krishnakumar Ramsinh Parmar,396230,"('20.268959265618992','73.012501074899320')",On-Going Project,12/31/2019,12/31/2019,,Group Housing,1367.6,0.0,2721.21,12/28/2019,1.0,28.0,13.0,0.0,1.0,0.0,8.0,1.0,14.0,20.0,0.0,0.0,0.0
Dadra & Nagar Haveli,P49600000036,HORIZON RESIDENCY B BUILDING,ARHAM DEVELOPER,396230,"('20.281282999999998','72.997294999999994')",On-Going Project,12/30/2018,12/30/2018,,Group Housing,1500.0,0.0,2887.47,09/11/2019,,90.0,59.0,0.0,1.0,0.0,10.0,1.0,0.0,1.0,0.0,0.0,0.0
Dadra & Nagar Haveli,P49600000011,HORIZON RESIDENCY C BUILDING,ARHAM DEVELOPER,396230,"('20.281804000000001','72.997427999999999')",On-Going Project,12/31/2019,12/31/2019,12/30/2021,Group Housing,1750.0,0.0,3440.79,03/25/2023,,108.0,52.0,0.0,1.0,0.0,10.0,1.0,0.0,1.0,0.0,0.0,0.0
Dadra & Nagar Haveli,P49600000037,EKDANT SQUARE-RIDDHI WING,KALPSHREE DEVELOPERS,396230,"('20.278818000000001','73.002070000000003')",On-Going Project,05/31/2018,08/31/2018,,Mixed Development(Residential  and Commercial),2042.0,204.0,6676.0,08/04/2021,,125.0,65.0,0.0,1.0,0.0,10.0,1.0,12.0,26.0,0.0,0.0,0.0
Dadra & Nagar Haveli,P49600000018,RAJESHREE TOWER,AB DEVELOPERS,396230,"('21.073548800000001','78.961348599999994')",On-Going Project,03/03/2021,03/03/2022,,Mixed Development(Residential  and Commercial),6150.0,1066.63,11393.28,03/22/2022,,249.0,90.0,0.0,3.0,0.0,32.0,3.0,0.0,57.0,0.0,0.0,0.0
Dadra & Nagar Haveli,P49600000024,VEDANT RESIDENCY,JALARAM DEVELOPERS,396230,"('21.049485799999999','79.043317999999999')",On-Going Project,03/31/2019,03/31/2019,,Group Housing,2500.0,126.52,2876.8,06/27/2022,,76.0,53.0,2.0,2.0,0.0,10.0,2.0,0.0,2.0,0.0,0.0,0.0
Dadra & Nagar Haveli,P49600000014,JALARAM DARSHAN PHASE II,RADHEKRISHNA DEVELOPERS,396230,"('19.285519600000001','72.869296700000007')",On-Going Project,09/30/2018,10/31/2019,03/30/2022,Mixed Development(Residential  and Commercial),4616.0,43.63,8503.42,10/15/2018,,156.0,63.0,2.0,3.0,0.0,29.0,3.0,6.0,72.0,0.0,0.0,0.0
Dadra & Nagar Haveli,P49600000027,ARV RIVERDALE,M/S. A.R.V. REALTY,396230,"('21.049485799999999','79.043317999999999')",On-Going Project,12/31/2027,12/30/2028,,Mixed Development(Residential  and Commercial),3700.0,547.92,10388.41,04/05/2023,,324.0,105.0,0.0,2.0,0.0,20.0,2.0,0.0,36.0,0.0,0.0,0.0
Dadra & Nagar Haveli,P49600000015,BALAJI GEMS,KRISHNA ENTERPRISE,396230,"('18.557308200000001','73.787838500000007')",On-Going Project,06/25/2020,12/25/2020,,Group Housing,4325.0,300.0,8458.74,08/23/2021,,198.0,96.0,0.0,0.0,0.0,20.0,2.0,0.0,74.0,0.0,0.0,0.0
Dadra & Nagar Haveli,P49600000016,Saffron Height,Sun Corporation,396230,"('20.269179000000001','72.979843000000003')",On-Going Project,12/31/2019,12/31/2019,03/30/2021,Mixed Development(Residential  and Commercial),2250.0,70.0,4438.56,03/30/2021,,104.0,54.0,2.0,2.0,0.0,20.0,2.0,0.0,0.0,0.0,0.0,0.0
Dadra & Nagar Haveli,P49600000017,ANAND NAGAR,Abhishek Rajendra Mutha,396230,"('20.260735000000000','73.005241999999996')",On-Going Project,12/25/2018,12/25/2018,,Group Housing,2300.0,0.0,6559.62,08/23/2021,,96.0,89.0,0.0,0.0,0.0,9.0,1.0,0.0,25.0,0.0,0.0,0.0
Dadra & Nagar Haveli,P49600000012,GANESH SOCIETY PHASE 1,ASHISHBHAI BHARATBHAI THAKKAR,396230,"('21.049485799999999','79.043317999999999')",On-Going Project,10/31/2018,04/30/2019,05/20/2022,Mixed Development(Residential  and Commercial),1950.0,308.0,4151.56,10/15/2018,,65.0,47.0,1.0,1.0,0.0,10.0,1.0,12.0,1.0,0.0,0.0,0.0
Dadra & Nagar Haveli,P49600000034,SIDDHI TOWER,VIMLESH YUGRAJ SHUKLA,396230,"('20.285803000000001','72.995086000000001')",On-Going Project,12/31/2019,12/31/2019,06/30/2025,Mixed Development(Residential  and Commercial),3100.0,0.0,5547.48,05/25/2023,,163.0,64.0,0.0,0.0,0.0,17.0,2.0,0.0,25.0,0.0,0.0,0.0
Dadra & Nagar Haveli,P49600000026,KALPATARU RESIDENCY,DEVYANI R DODIA,396230,"('21.115747200000001','79.044730599999994')",On-Going Project,12/31/2021,12/30/2022,,Group Housing,9000.0,450.0,11370.09,08/23/2021,,112.0,0.0,3.0,1.0,0.0,32.0,4.0,0.0,112.0,0.0,0.0,0.0
Dadra & Nagar Haveli,P49600000035,SHAYONA ORNATE,SHAYONA DEVELOPERS,396230,"('19.850500000000000','75.352099999999993')",On-Going Project,12/31/2020,12/30/2021,,Group Housing,3600.0,0.0,4025.93,10/04/2019,,52.0,41.0,0.0,0.0,0.0,15.0,3.0,0.0,3.0,0.0,0.0,0.0
Dadra & Nagar Haveli,P49600000046,"BLOCK E, SRI RESIDENCY",SHREE GURUDEV ENTERPRISE,396230,"('20.262782999999999','72.997303000000002')",On-Going Project,09/30/2022,09/30/2023,,Mixed Development(Residential  and Commercial),2725.0,1758.82,4761.68,01/04/2019,,30.0,22.0,0.0,1.0,0.0,9.0,0.0,20.0,0.0,0.0,0.0,0.0
Dadra & Nagar Haveli,P49600000039,ORION VILLA - P1,M.POONAM DEVELOPERS,396235,"('20.281028200000000','72.943261000000000')",On-Going Project,12/31/2018,06/30/2019,12/30/2020,Plotted Development,17500.0,1411.12,8757.84,12/05/2019,,,,0.0,0.0,0.0,0.0,0.0,0.0,0.0,7.0,331.14,6.0
Dadra & Nagar Haveli,P49600000040,SKY HEIGHTS,PRAY DEVELOPERS,396230,"('20.282700999999999','72.989957000000004')",On-Going Project,04/30/2018,04/30/2018,,Mixed Development(Residential  and Commercial),2955.0,0.0,5542.15,02/10/2023,,98.0,47.0,1.0,1.0,0.0,11.0,1.0,64.0,15.0,0.0,0.0,0.0
Dadra & Nagar Haveli,P49600000043,ORION IMPERIA,LOTUS INFRA,396235,"('20.276676999999999','72.942533999999995')",On-Going Project,01/01/2025,01/01/2026,,Mixed Development(Residential  and Commercial),31399.4,9052.13,60453.16,01/19/2024,,718.0,170.0,5.0,10.0,0.0,119.0,1.0,127.0,457.0,0.0,0.0,0.0
Dadra & Nagar Haveli,P49600000044,KASTURI FLORIDUS,SHIVAAY DEVELOPERS,396230,"('20.272331000000001','72.993286999999995')",New Project,11/30/2020,,05/30/2022,Group Housing,4269.4,0.0,4269.4,08/24/2022,,72.0,0.0,0.0,0.0,0.0,10.0,0.0,14.0,48.0,0.0,0.0,0.0
Dadra & Nagar Haveli,P49600000045,KASTURI FLORIDUS,SHIVAAY DEVELOPERS,396230,"('20.272309000000000','72.993217999999999')",New Project,11/30/2020,,,Group Housing,5017.08,0.0,5017.08,02/22/2022,,42.0,0.0,0.0,0.0,0.0,9.0,0.0,21.0,0.0,0.0,0.0,0.0
Dadra & Nagar Haveli,P49600000047,EKDANT SQUARE SIDDHI WING,Kalpshree Developers Siddhi Wing,396230,"('20.281987569006443','72.990163653354560')",New Project,08/31/2019,,,Mixed Development(Residential  and Commercial),3342.0,334.0,10916.24,03/22/2022,,132.0,28.0,1.0,1.0,0.0,10.0,1.0,80.0,31.0,0.0,0.0,0.0
Dadra & Nagar Haveli,P49600000049,JC TOWER,UMEDBHAI CHHIBUBHAI PATEL,396230,"('20.281848000000000','72.998737000000005')",New Project,03/31/2019,,,Mixed Development(Residential  and Commercial),2056.0,0.0,757.92,03/30/2019,,105.0,0.0,0.0,1.0,0.0,10.0,0.0,1.0,0.0,0.0,0.0,0.0
Dadra & Nagar Haveli,P49600000050,SHREE BALAJI RESIDENCY,ANAND ASSOCIATES,396230,"('19.990564500000001','79.262297000000004')",New Project,12/30/2021,,,Group Housing,2600.0,57.61,4626.91,10/09/2021,1.0,80.0,36.0,0.0,2.0,0.0,10.0,2.0,16.0,58.0,0.0,0.0,0.0
Dadra & Nagar Haveli,P49600000053,Sunrise Residency B Building,Sunrise Corporation,396230,,New Project,03/30/2022,,,Group Housing,752.55,250.88,4754.89,10/26/2021,,90.0,0.0,0.0,1.0,0.0,11.0,0.0,0.0,0.0,0.0,0.0,0.0
Dadra & Nagar Haveli,P49600000054,SAI SANSKRUTI,SAI ENTERPRISES,396230,"('18.970188400000001','72.845961900000006')",New Project,03/30/2022,,,Mixed Development(Residential  and Commercial),1025.0,629.91,982.54,05/29/2018,,1.0,0.0,1.0,1.0,0.0,5.0,1.0,1.0,0.0,0.0,0.0,0.0
Dadra & Nagar Haveli,P49600000052,Sai Nagar Phase 2 J Wing,DATTAINFINITY,396230,,New Project,02/01/2020,,01/30/2022,Group Housing,1800.0,150.0,2913.57,06/22/2021,,72.0,20.0,0.0,1.0,0.0,10.0,1.0,15.0,1.0,0.0,0.0,0.0
Dadra & Nagar Haveli,P49600000055,Orion Villa P2,M.Poonam Developers,396235,"('20.285686800000000','72.937496200000000')",New Project,12/30/2020,,,Plotted Development,8900.0,900.0,2651.37,11/30/2019,,,,0.0,0.0,0.0,0.0,0.0,0.0,0.0,6.0,894.42,6.0
Dadra & Nagar Haveli,P49600000057,GANGOTRI,H V CONSTRUCTION,396230,,New Project,05/31/2019,,06/30/2023,Group Housing,900.0,90.0,1592.64,05/25/2023,,40.0,21.0,0.0,1.0,0.0,5.0,1.0,8.0,1.0,0.0,0.0,0.0
Dadra & Nagar Haveli,P49600000061,Shagun Residency Building A,Anjana Developers,396193,,New Project,06/01/2022,,,Group Housing,2807.0,668.74,2728.82,12/08/2020,,64.0,3.0,0.0,3.0,0.0,15.0,1.0,0.0,1.0,0.0,0.0,0.0
Dadra & Nagar Haveli,P49600000056,SHASHIKALP SAROVAR,AKS BUILDERS AND DEVELOPERES,396230,"('20.268583810000000','73.000000000000000')",New Project,05/30/2022,,05/30/2023,Mixed Development(Residential  and Commercial),12200.0,0.0,22790.95,01/20/2024,,498.0,257.0,0.0,6.0,0.0,60.0,6.0,0.0,0.0,0.0,0.0,0.0
Dadra & Nagar Haveli,P49600000060,TROPICAL GREENS PHASE 1-A,MICROMEGA PROJECTS,396230,"('20.259941000000000','72.999563000000000')",New Project,12/30/2026,,,Mixed Development(Residential  and Commercial),13869.0,1390.0,22871.27,12/14/2023,,352.0,0.0,4.0,4.0,0.0,36.0,4.0,96.0,0.0,0.0,0.0,0.0
Dadra & Nagar Haveli,P49600000058,GURUKRUPA RESIDENCY,GURUKRUPA ENTERPRISES,396230,,New Project,03/30/2023,,,Group Housing,5000.0,239.0,9358.48,09/29/2019,,126.0,55.0,1.0,1.0,0.0,10.0,1.0,0.0,1.0,0.0,0.0,0.0
Dadra & Nagar Haveli,P49600000062,BALAJI PLATINUM,BALAJI ENTERPRISE,396230,,New Project,07/31/2019,,,Commercial,1900.0,524.04,1017.85,02/06/2023,,76.0,0.0,0.0,1.0,0.0,4.0,0.0,12.0,0.0,0.0,0.0,0.0
Dadra & Nagar Haveli,P49600000059,SHREE SAKHA SADAN,SHREE SAKHA DEVELOPERS PRIVATE LIMITED,396230,"('20.282656100000000','73.003463300000020')",New Project,09/30/2020,,,Mixed Development(Residential  and Commercial),3000.0,0.0,5367.9,07/31/2018,,106.0,0.0,2.0,2.0,0.0,19.0,2.0,0.0,2.0,0.0,0.0,0.0
Dadra & Nagar Haveli,P49600000063,SAI ENCLAVE,SHREE SAI DEVELOPERS,396230,"('20.279011901909897','73.005203537573270')",New Project,12/31/2019,,,Mixed Development(Residential  and Commercial),1610.0,81.0,1979.72,08/09/2018,,37.0,0.0,0.0,1.0,0.0,5.0,1.0,1.0,1.0,0.0,0.0,0.0
Dadra & Nagar Haveli,P49600000064,Tropical Greens Phase 1-B,MICROMEGA PROJECTS,396230,"('20.260494774490873','73.000252912103290')",New Project,12/30/2026,,,Group Housing,8146.0,8146.0,13111.5,12/14/2023,1.0,132.0,0.0,3.0,3.0,0.0,33.0,3.0,45.0,3.0,0.0,0.0,0.0
Dadra & Nagar Haveli,P49600000065,SIDDHI VINAYAK APPARTMENT,SIDDHI VINAYAK ENTERPRISES,396193,,New Project,08/31/2019,,,Group Housing,1100.0,0.0,1176.44,07/04/2023,,28.0,0.0,0.0,1.0,0.0,4.0,1.0,0.0,1.0,0.0,0.0,0.0
Dadra & Nagar Haveli,P49600000066,EKDANT RESIDENCY,SHRIKANT  KULKARNI,396230,,New Project,10/01/2023,,,Group Housing,3600.0,633.35,5709.51,10/06/2018,,135.0,0.0,0.0,2.0,0.0,21.0,2.0,50.0,2.0,0.0,0.0,0.0
Dadra & Nagar Haveli,P49600000067,Nakshatra A-B,Pramukh Realty,396230,"('20.258399600000000','73.013961600000020')",New Project,10/30/2023,,,Group Housing,5152.0,961.0,9821.33,04/22/2022,,345.0,232.0,0.0,4.0,0.0,40.0,4.0,84.0,2.0,0.0,0.0,0.0
Dadra & Nagar Haveli,P49600000069,NAKSHATRA C to G,Pramukh realty,396230,"('20.258399600000000','73.013961600000020')",New Project,10/30/2026,,,Group Housing,12548.0,2341.0,24482.36,09/26/2023,,486.0,377.0,0.0,5.0,0.0,50.0,5.0,166.0,0.0,0.0,0.0,0.0
Dadra & Nagar Haveli,P49600000068,ABHISHEK LUXURIA,ABHISHEK DEVELOPERS,396210,,New Project,11/15/2019,,,Mixed Development(Residential  and Commercial),1000.0,158.0,1439.61,11/01/2018,,28.0,0.0,0.0,1.0,0.0,5.0,1.0,12.0,1.0,0.0,0.0,0.0
Dadra & Nagar Haveli,P49600000078,PADMAVATI ENCLACE PHASE III,JUZER  FIROZ STOVEWALLA,396230,"('20.124840881144873','73.068800794226030')",New Project,12/31/2019,,12/30/2021,Group Housing,1971.3,395.0,3441.59,04/03/2019,,40.0,0.0,0.0,1.0,0.0,5.0,25.0,0.0,25.0,0.0,0.0,0.0
Dadra & Nagar Haveli,P49600000073,SUNRISE RESIDENCY,Sunrise Builders,396230,,New Project,12/30/2021,,,Mixed Development(Residential  and Commercial),2000.0,2000.0,2239.44,05/08/2023,,40.0,32.0,0.0,1.0,0.0,11.0,1.0,0.0,1.0,0.0,0.0,0.0
Dadra & Nagar Haveli,P49600000070,SHIVAM HEIGHTS PHASE 2,KRISHNA ENTERPRISE,396230,,New Project,12/30/2024,,,Group Housing,2788.86,244.48,7063.0,12/20/2022,,180.0,42.0,0.0,3.0,0.0,30.0,3.0,0.0,3.0,0.0,0.0,0.0
Dadra & Nagar Haveli,P49600000072,"Saffron Height Phase 2 , Building C And D",Sun Corporation,396230,,New Project,12/30/2022,,,Mixed Development(Residential  and Commercial),2505.0,170.0,5259.4,02/04/2019,,97.0,0.0,0.0,2.0,0.0,20.0,0.0,0.0,0.0,0.0,0.0,0.0
Dadra & Nagar Haveli,P49600000074,SAI AASTHA,SAI ASSOCIATE,396193,,New Project,12/30/2025,,,Group Housing,3200.0,163.7,3587.26,04/06/2023,,100.0,87.0,0.0,0.0,0.0,10.0,2.0,27.0,2.0,0.0,0.0,0.0
Dadra & Nagar Haveli,P49600000071,"SAKET RESIDENCY PHASE-II, BUILDING - J",JALARAM DEVELOPERS,396230,,New Project,12/30/2023,,,Mixed Development(Residential  and Commercial),2500.0,375.0,26685.3,09/30/2022,,72.0,0.0,0.0,1.0,0.0,10.0,1.0,0.0,1.0,0.0,0.0,0.0
Dadra & Nagar Haveli,P49600000075,Poonam Residency C Building,Gagan Kishorbhai Chotaliya Proprietor of Lalgebi Enterprises,396230,,New Project,01/01/2025,,,Group Housing,448.18,0.0,1448.8,12/31/2021,,36.0,5.0,0.0,1.0,0.0,5.0,0.0,0.0,0.0,0.0,0.0,0.0
Dadra & Nagar Haveli,P49600000079,KRISHNA HEIGHTS,T S DEVELOPERS,396193,"('20.284751000000000','72.996515000000000')",New Project,12/30/2020,,05/30/2022,Mixed Development(Residential  and Commercial),2725.0,0.0,3712.47,07/19/2020,,95.0,0.0,0.0,1.0,0.0,11.0,0.0,2.0,0.0,0.0,0.0,0.0
Dadra & Nagar Haveli,P49600000077,RAJESHREE HEIGHTS - WING A,AB DEVELOPERS,396230,,New Project,12/03/2025,,,Group Housing,1400.0,185.0,2766.0,04/13/2023,,63.0,62.0,0.0,1.0,0.0,10.0,1.0,16.0,16.0,0.0,0.0,0.0
Dadra & Nagar Haveli,P49600000076,"SAKET RESIDENCY, PHASE-II, BUILDING-L",JALARAM DEVELOPERS,396230,,New Project,12/30/2024,,,Mixed Development(Residential  and Commercial),1872.0,350.0,3741.66,07/13/2023,,54.0,0.0,0.0,1.0,0.0,10.0,1.0,27.0,1.0,0.0,0.0,0.0
Dadra & Nagar Haveli,P49600000080,SAI NAGAR PHASE 2- I WING,DATTAINFINITY,396230,,New Project,12/01/2026,,,Group Housing,1800.0,0.0,3433.59,01/21/2023,,72.0,0.0,0.0,1.0,0.0,10.0,1.0,20.0,1.0,0.0,0.0,0.0
Dadra & Nagar Haveli,P49600000081,KASTURI FLORIDUS,SHIVAAY DEVELOPERS,396230,"('20.271171000000000','72.995108000000000')",New Project,03/30/2023,,,Mixed Development(Residential  and Commercial),8319.96,2670.22,9152.23,02/17/2023,,80.0,0.0,0.0,2.0,0.0,18.0,1.0,24.0,44.0,0.0,0.0,0.0
Dadra & Nagar Haveli,P49600000083,SANGATH,Pramukh Realty,396230,"('20.258239000000000','73.014100000000000')",New Project,12/30/2026,,,Group Housing,10250.0,1571.7,17767.13,01/20/2024,,252.0,211.0,0.0,4.0,0.0,40.0,4.0,100.0,95.0,0.0,0.0,0.0
Dadra & Nagar Haveli,P49600000082,Sri Residency,Shree Shyamal Enterprise,396230,,New Project,05/15/2024,,,Group Housing,4200.0,1758.82,8375.72,04/17/2023,,151.0,0.0,0.0,2.0,0.0,22.0,2.0,10.0,50.0,0.0,0.0,0.0
Dadra & Nagar Haveli,P49600000084,YOGI MILAN PHASE IV,SHIV BUILDERS,396230,"('20.279698000000000','72.990759000000000')",New Project,12/30/2023,,,Mixed Development(Residential  and Commercial),3277.0,205.33,2796.84,03/25/2022,,56.0,48.0,0.0,1.0,0.0,10.0,1.0,40.0,1.0,0.0,0.0,0.0
Dadra & Nagar Haveli,P49600000085,GOKHULDHAM,DOSHI & MEHTA ASSOCIATES,396193,,New Project,12/30/2021,,,Mixed Development(Residential  and Commercial),1873.0,800.0,2248.0,08/18/2021,,32.0,32.0,0.0,0.0,0.0,5.0,0.0,20.0,12.0,0.0,0.0,0.0
Dadra & Nagar Haveli,P49600000086,SAHAJANAND INTEGRITY,SHREEJI DEVELOPERS,396230,,New Project,12/30/2026,,,Commercial,2000.0,16.87,7703.34,04/05/2023,,150.0,33.0,1.0,0.0,0.0,9.0,1.0,33.0,1.0,0.0,0.0,0.0
Dadra & Nagar Haveli,P49600000087,EKTA COMPLEX,EKTA DEVELOPERS,396230,,New Project,01/29/2024,,,Group Housing,631.26,25.82,674.01,02/13/2020,,16.0,0.0,1.0,1.0,0.0,5.0,1.0,0.0,1.0,0.0,0.0,0.0
Dadra & Nagar Haveli,P49600000089,PREMALDEEP,GAVLI DEVELOPERS,396230,"('20.163090000000000','73.002220000000000')",New Project,12/30/2026,,,Commercial,2000.0,103.68,3998.59,04/04/2023,,47.0,32.0,1.0,1.0,0.0,10.0,1.0,20.0,18.0,0.0,0.0,0.0
Dadra & Nagar Haveli,P49600000088,SILVASSA COMMERCIAL HUB,MILAN KHANDUBHAI PATEL,396230,,New Project,12/30/2026,,,Commercial,1956.0,0.0,882.49,04/07/2023,,80.0,0.0,1.0,1.0,0.0,2.0,0.0,20.0,17.0,0.0,0.0,0.0
Dadra & Nagar Haveli,P49600000090,BLISS,PRAMUKH REALTY,396230,"('20.275340000000000','72.999063000000000')",New Project,06/30/2024,,,Group Housing,2300.0,604.12,5978.77,09/26/2023,,36.0,35.0,0.0,1.0,0.0,10.0,1.0,39.0,22.0,0.0,0.0,0.0
Dadra & Nagar Haveli,P49600000091,YOGI MILAN PLUS,SHIV BUILDERS,396230,"('20.278852000000000','72.992368000000000')",New Project,09/30/2026,,,Group Housing,7200.0,604.12,18882.3,01/19/2024,,286.0,179.0,0.0,4.0,0.0,40.0,4.0,93.0,87.0,0.0,0.0,0.0
Dadra & Nagar Haveli,P49600000092,SHREE VINAYAK INDUSTRIAL ESTATE,PARTH INFRA,396193,,New Project,09/30/2022,,,Commercial,3876.09,0.0,5822.69,08/27/2020,,54.0,0.0,0.0,0.0,0.0,6.0,0.0,20.0,0.0,0.0,0.0,0.0
Dadra & Nagar Haveli,P49600000093,PALACIO Phase 1,TABP Build LLP,396230,,New Project,09/03/2024,,,Group Housing,2632.0,1857.0,3474.0,11/02/2023,,14.0,11.0,0.0,14.0,0.0,42.0,0.0,14.0,0.0,0.0,0.0,0.0
Dadra & Nagar Haveli,P49600000094,EKDANT SANSKRITI,KALPSHREE HOMES,396230,"('20.284356000000000','72.990410000000000')",New Project,01/31/2023,,,Group Housing,3543.75,531.0,7087.5,11/29/2023,,144.0,100.0,0.0,1.0,0.0,10.0,1.0,58.0,49.0,0.0,0.0,0.0
Dadra & Nagar Haveli,P49600000098,"SAI NAGAR PHASE2- D,E,F,H",DATTAINFINITY,396230,,New Project,06/30/2029,,,Group Housing,8304.0,0.0,12919.05,06/22/2021,,306.0,0.0,0.0,4.0,0.0,40.0,4.0,65.0,4.0,0.0,0.0,0.0
Dadra & Nagar Haveli,P49600000095,SAMRUDHHI SHOPPING CENTER,SHREE NAKODA DEVELOPERS,396230,,New Project,06/30/2026,,,Commercial,1219.08,0.0,1863.16,04/05/2023,,44.0,36.0,0.0,1.0,0.0,4.0,0.0,12.0,0.0,0.0,0.0,0.0
Dadra & Nagar Haveli,P49600000096,RAJ HEAVENS PHASE 1 C BUILDING,BURHANI TAMOS DEVELOPERS,396230,"('20.271845000000000','73.017403000000000')",New Project,06/30/2022,,,Group Housing,4200.0,493.77,13120.71,04/28/2023,,72.0,72.0,0.0,1.0,0.0,10.0,1.0,12.0,1.0,0.0,0.0,0.0
Dadra & Nagar Haveli,P49600000097,THE COURTYARD 41 TO 45,M/s LIVINGDWELL ENTERPRISE,396230,,New Project,06/30/2025,,,Group Housing,721.0,0.0,1050.0,01/25/2023,,4.0,0.0,0.0,5.0,0.0,15.0,0.0,5.0,0.0,0.0,0.0,0.0
Dadra & Nagar Haveli,P49600000105,MANORATH RESIDENCY PHASE-3,Krishnakumar Ramsinh Parmar,396230,"('20.268380901521855','73.013623973327850')",New Project,06/30/2030,,,Mixed Development(Residential  and Commercial),3300.83,0.0,6601.66,10/10/2023,1.0,66.0,11.0,0.0,1.0,0.0,9.0,1.0,19.0,25.0,0.0,0.0,0.0
Dadra & Nagar Haveli,P49600000100,SHRI GANESH SOCIETY,RAKESHKUMAR  PATEL,396230,,New Project,06/30/2024,,,Group Housing,1300.0,0.0,1034.36,01/16/2021,,24.0,0.0,1.0,1.0,0.0,5.0,0.0,0.0,0.0,0.0,0.0,0.0
Dadra & Nagar Haveli,P49600000099,THE COURTYARD PHASE2,M/s LIVINGDWELL ENTERPRISE,396230,,New Project,06/30/2025,,,Group Housing,2103.0,0.0,3500.0,01/25/2023,,10.0,3.0,0.0,10.0,0.0,30.0,10.0,10.0,10.0,0.0,0.0,0.0
Dadra & Nagar Haveli,P49600000116,RUDRAKSH,RUDRA ENTERPRISES,396193,"('20.316422000000000','72.967906000000000')",New Project,03/31/2023,,,Mixed Development(Residential  and Commercial),658.0,43.52,521.14,04/07/2023,,14.0,0.0,0.0,1.0,0.0,4.0,1.0,10.0,1.0,0.0,0.0,0.0
Dadra & Nagar Haveli,P49600000102,HORIZON INDUSTRIAL PARK,SAI INFRA INDUSTRIES,396230,,New Project,06/30/2025,,,Commercial,13200.0,0.0,13420.28,09/09/2023,,123.0,0.0,0.0,1.0,0.0,3.0,0.0,0.0,0.0,0.0,0.0,0.0
Dadra & Nagar Haveli,P49600000104,SWAGAT,PRAMUKH REALTY,396230,"('20.272501000000000','73.013455000000000')",New Project,06/30/2027,,,Mixed Development(Residential  and Commercial),11731.0,1270.0,21713.51,01/20/2024,,378.0,137.0,0.0,6.0,0.0,60.0,6.0,163.0,118.0,0.0,0.0,0.0
Dadra & Nagar Haveli,P49600000101,THE MARKET PALLATE,SEVEN 9 DEVELOPERS,396230,,New Project,06/30/2026,,,Mixed Development(Residential  and Commercial),1020.0,81.63,1682.93,04/04/2023,,28.0,18.0,0.0,2.0,0.0,10.0,2.0,3.0,2.0,0.0,0.0,0.0
Dadra & Nagar Haveli,P49600000108,Rajshree Heights Wing-B,AB DEVELOPERS,396230,,New Project,12/03/2024,,,Group Housing,1700.0,185.0,4328.0,11/02/2023,,72.0,60.0,0.0,1.0,0.0,10.0,1.0,0.0,18.0,0.0,0.0,0.0
Dadra & Nagar Haveli,P49600000103,AKSHAR HEIGHTS,MUNIVAR DEVELOPERS,396230,,New Project,08/26/2026,,,Mixed Development(Residential  and Commercial),2800.0,182.13,5593.78,12/27/2023,,150.0,88.0,0.0,2.0,0.0,20.0,2.0,20.0,2.0,0.0,0.0,0.0
Dadra & Nagar Haveli,P49600000113,Affordable Housing in Partnership under PMAY U in Ambedkar Nagar Plot No. 54,Silvassa Municipal Council,396230,"('20.284945000000000','72.984642000000000')",New Project,03/31/2022,,,Group Housing,2394.58,858.48,1337.79,07/16/2021,,32.0,0.0,0.0,1.0,0.0,1.0,0.0,0.0,0.0,0.0,0.0,0.0
Dadra & Nagar Haveli,P49600000107,FLORA,ROYAL ENTERPRISE,396230,"('20.261719000000000','72.998455000000000')",New Project,12/31/2024,,,Group Housing,3000.0,197.0,5988.0,01/20/2024,,126.0,94.0,2.0,2.0,0.0,20.0,2.0,45.0,45.0,0.0,0.0,0.0
Dadra & Nagar Haveli,P49600000106,SHRI HARI DARSHAN RESIDENCY,SHRI SADGURU DEVELOPERS,396230,,New Project,12/31/2023,,,Group Housing,1340.0,299.49,1325.46,04/07/2023,,35.0,35.0,0.0,0.0,0.0,5.0,1.0,25.0,1.0,0.0,0.0,0.0
Dadra & Nagar Haveli,P49600000115,Affordable housing in Partnership under PMAY U in Ambedkar Nagar Plot No. 11,Silvassa Municipal Council,396230,"('20.285921000000000','72.984262000000000')",New Project,03/31/2022,,,Group Housing,11814.45,1757.94,8253.1,08/22/2022,,217.0,0.0,0.0,7.0,0.0,22.0,0.0,0.0,0.0,0.0,0.0,0.0
Dadra & Nagar Haveli,P49600000109,HARMONY PHASE 1,PRAMUKH REALTY,396230,"('20.260466000000000','72.996916000000000')",New Project,12/31/2024,,,Group Housing,2995.24,797.0,1079.24,01/20/2024,,12.0,2.0,0.0,11.0,0.0,33.0,0.0,23.0,0.0,0.0,0.0,0.0
Dadra & Nagar Haveli,P49600000123,THE PRIDE,BURHANI BUILDERS AND DEVELOPERS,396230,,New Project,12/31/2026,,,Mixed Development(Residential  and Commercial),3600.0,531.15,2985.13,11/26/2021,,76.0,0.0,0.0,1.0,0.0,5.0,1.0,0.0,18.0,0.0,0.0,0.0
Dadra & Nagar Haveli,P49600000110,THE PALACIO,TABP Build LLP,396230,,New Project,03/03/2024,,,Group Housing,9375.0,5567.0,8006.0,11/02/2023,,26.0,8.0,0.0,26.0,0.0,78.0,26.0,52.0,0.0,0.0,0.0,0.0
Dadra & Nagar Haveli,P49600000117,THE AVENUE,D R DEVELOPER,396230,,New Project,03/31/2026,,,Mixed Development(Residential  and Commercial),11000.0,1655.07,20341.94,12/27/2023,,167.0,11.0,0.0,3.0,0.0,29.0,2.0,0.0,54.0,0.0,0.0,0.0
Dadra & Nagar Haveli,P49600000114,THE GRANDE VILLA,GRAYSCALE ARCHITECTS,396230,"('20.264767100000000','73.009940600000000')",New Project,12/31/2026,,,Group Housing,2700.0,214.29,1927.49,06/23/2023,,17.0,16.0,0.0,17.0,0.0,51.0,12.0,0.0,17.0,0.0,0.0,0.0
Dadra & Nagar Haveli,P49600000111,J9 TRITON,FOUR SEASONS LIFE SPACE,396230,,New Project,12/31/2026,,,Commercial,2802.0,406.5,5126.17,04/04/2023,,116.0,23.0,1.0,1.0,0.0,9.0,1.0,97.0,1.0,0.0,0.0,0.0
Dadra & Nagar Haveli,P49600000119,SIDDHIVINAYAK,SHRI SOMNATH ENTERPRISE,396230,,New Project,12/31/2024,,,Mixed Development(Residential  and Commercial),800.0,82.05,872.0,04/07/2023,,27.0,16.0,0.0,1.0,0.0,5.0,1.0,8.0,1.0,0.0,0.0,0.0
Dadra & Nagar Haveli,P49600000112,PALI CORNER,PALI CORNER DEVELOPERS,396230,,New Project,10/31/2023,,,Mixed Development(Residential  and Commercial),1393.0,1060.16,1480.5,08/03/2021,,23.0,0.0,0.0,1.0,0.0,4.0,0.0,10.0,5.0,0.0,0.0,0.0
Dadra & Nagar Haveli,P49600000118,MEADOWS,PRAMUKH REALTY,396230,"('20.263139000000000','72.998361000000000')",New Project,12/31/2026,,,Mixed Development(Residential  and Commercial),7700.0,800.0,15358.3,01/19/2024,,201.0,93.0,1.0,2.0,0.0,21.0,2.0,20.0,2.0,0.0,0.0,0.0
Dadra & Nagar Haveli,P49600000120,SAHAJ SHANGRILA,SHREE ASSOCIATES,396230,,New Project,09/15/2026,,,Group Housing,3770.63,237.6,4271.44,04/05/2023,,80.0,51.0,0.0,0.0,0.0,15.0,3.0,0.0,65.0,0.0,0.0,0.0
Dadra & Nagar Haveli,P49600000122,PRAMUKH GARDENS-2,PRAMUKH REALTY,396230,"('20.280266000000000','73.009931000000000')",New Project,12/31/2027,,,Group Housing,11950.0,1956.0,23820.53,01/19/2024,,172.0,27.0,4.0,5.0,0.0,52.0,5.0,80.0,5.0,0.0,0.0,0.0
Dadra & Nagar Haveli,P49600000121,SHIVALIK,SHYAM ASSOCIATE,396193,,New Project,09/30/2026,,,Group Housing,2270.0,104.64,5763.15,04/06/2023,,126.0,0.0,0.0,0.0,0.0,10.0,0.0,14.0,40.0,0.0,0.0,0.0
Dadra & Nagar Haveli,P49600000124,HARMONY PHASE 2,PRAMUKH REALTY,396230,"('20.260561000000000','72.996319000000000')",New Project,12/31/2025,,,Group Housing,6776.69,1800.0,4573.0,01/20/2024,,27.0,2.0,0.0,23.0,0.0,69.0,0.0,26.0,0.0,0.0,0.0,0.0
Dadra & Nagar Haveli,P49600000126,HORIZON PARK,SHAGUN BUILDCON,396230,,New Project,12/31/2024,,,Mixed Development(Residential  and Commercial),2300.0,0.0,4589.44,04/07/2023,,99.0,0.0,1.0,1.0,0.0,11.0,0.0,0.0,0.0,0.0,0.0,0.0
Dadra & Nagar Haveli,P49600000125,PALLADIUM SQUARE,SEVEN - 9 DEVCON LLP,396230,,New Project,12/31/2026,,,Mixed Development(Residential  and Commercial),3430.0,458.31,5495.54,05/25/2023,,164.0,70.0,0.0,0.0,0.0,0.0,0.0,52.0,0.0,0.0,0.0,0.0
Dadra & Nagar Haveli,P49600000127,ARV UNICA,M/S. A.R.V. REALTY,396230,,New Project,09/30/2026,,,Mixed Development(Residential  and Commercial),3000.0,201.5,5965.4,11/01/2023,,147.0,13.0,0.0,0.0,0.0,20.0,2.0,12.0,22.0,0.0,0.0,0.0
Dadra & Nagar Haveli,P49600000128,J C AVENUE,UMEDBHAI CHHIBUBHAI PATEL,396230,,New Project,12/31/2025,,,Group Housing,1600.0,0.0,1770.0,04/30/2022,,48.0,0.0,0.0,1.0,0.0,5.0,0.0,0.0,0.0,0.0,0.0,0.0
Dadra & Nagar Haveli,P49600000131,THE COURTYARD PHASE3,M/s LIVINGDWELL ENTERPRISE,396230,,New Project,03/31/2025,,,Group Housing,3314.0,460.0,5031.69,01/25/2023,,18.0,0.0,0.0,18.0,0.0,54.0,18.0,18.0,18.0,0.0,0.0,0.0
Dadra & Nagar Haveli,P49600000141,PARADISE ONE,JMB REALTY,396230,,New Project,03/31/2026,,,Mixed Development(Residential  and Commercial),6550.0,692.76,12473.38,09/20/2022,,257.0,0.0,5.0,5.0,0.0,40.0,5.0,30.0,215.0,0.0,0.0,0.0
Dadra & Nagar Haveli,P49600000160,SHRADDHA RESIDENCY- BUILDING A and B,SHRADDHA ENTERPRISE,396193,"('20.321650000000000','72.963166000000000')",New Project,04/30/2028,,,Group Housing,2280.0,446.0,2309.57,11/01/2023,,42.0,0.0,0.0,2.0,0.0,10.0,2.0,0.0,2.0,0.0,0.0,0.0
Dadra & Nagar Haveli,P49600000130,"Polaris Infinity A A1, A2, A3, A4",R R Enterprise,396230,,New Project,12/31/2026,,,Mixed Development(Residential  and Commercial),6239.13,557.52,17934.82,12/19/2023,,160.0,20.0,4.0,4.0,0.0,40.0,0.0,0.0,0.0,0.0,0.0,0.0
Dadra & Nagar Haveli,P49600000129,ROYAL VIEW,M AND P DEVELOPERS,396230,,New Project,04/28/2025,,,Mixed Development(Residential  and Commercial),4200.0,0.0,8199.43,12/16/2023,,150.0,80.0,0.0,0.0,0.0,20.0,0.0,50.0,0.0,0.0,0.0,0.0
Dadra & Nagar Haveli,P49600000132,Sun Avenue B - Wing,Sun Infra,396235,,New Project,11/20/2029,,,Group Housing,477.99,0.0,1990.45,06/09/2022,,44.0,0.0,0.0,1.0,0.0,5.0,1.0,0.0,1.0,0.0,0.0,0.0
Dadra & Nagar Haveli,P49600000138,VEDANT SKY,JALARAM DEVELOPERS,396235,,New Project,03/31/2028,,,Group Housing,4350.0,624.16,0.0,01/05/2024,,104.0,0.0,0.0,3.0,0.0,12.0,3.0,36.0,68.0,0.0,0.0,0.0
Dadra & Nagar Haveli,P49600000139,JC MAHALAXMI,JC REALTY ENTERPRISES LLP,396230,,New Project,12/31/2027,,,Mixed Development(Residential  and Commercial),5714.0,0.0,11185.04,09/19/2022,,182.0,0.0,3.0,3.0,0.0,24.0,0.0,0.0,0.0,0.0,0.0,0.0
Dadra & Nagar Haveli,P49600000134,SHASHIKALP HOMES A WING,AKS BUILDTECH,396230,,New Project,12/31/2027,,,Group Housing,866.0,0.0,1548.83,08/06/2022,,40.0,0.0,0.0,1.0,0.0,5.0,0.0,0.0,0.0,0.0,0.0,0.0
Dadra & Nagar Haveli,P49600000133,MANGALAM HEIGHTS,MANGALAM DEVELOPERS,396230,,New Project,07/31/2026,,,Mixed Development(Residential  and Commercial),3000.0,492.49,6000.0,01/11/2024,,130.0,119.0,0.0,2.0,0.0,18.0,0.0,50.0,0.0,0.0,0.0,0.0
Dadra & Nagar Haveli,P49600000135,Tropical Greens Phase-2 A,MICROMEGA PROJECTS,396230,,New Project,12/31/2026,,,Mixed Development(Residential  and Commercial),6323.0,632.0,12646.0,11/18/2023,,144.0,0.0,3.0,3.0,0.0,27.0,3.0,32.0,38.0,0.0,0.0,0.0
Dadra & Nagar Haveli,P49600000136,HORIZON RESIDENCY D WING,MAHARANI DEVELOPERS,396230,,New Project,12/31/2024,,,Group Housing,1012.08,0.0,705.6,02/06/2023,,24.0,4.0,0.0,1.0,0.0,5.0,0.0,0.0,20.0,0.0,0.0,0.0
Dadra & Nagar Haveli,P49600000140,M.J. HEIGHTS,SHREE KRISHNA BUILDCON,396230,,New Project,12/31/2027,,,Group Housing,1415.0,201.32,2820.42,12/06/2023,,63.0,20.0,0.0,0.0,0.0,9.0,1.0,31.0,15.0,0.0,0.0,0.0
Dadra & Nagar Haveli,P49600000137,SHASHIKALP HOMES B WING,AKS BUILDTECH,396230,,New Project,12/31/2027,,,Group Housing,601.98,0.0,513.84,09/08/2022,,20.0,0.0,0.0,1.0,0.0,5.0,1.0,0.0,8.0,0.0,0.0,0.0
Dadra & Nagar Haveli,P49600000142,SUMUKH RESIDENCY,ECSTASY DEVELOPERS,396240,,New Project,12/31/2027,,,Group Housing,3500.0,392.83,4142.84,09/22/2022,,96.0,0.0,0.0,3.0,0.0,12.0,3.0,18.0,78.0,0.0,0.0,0.0
Dadra & Nagar Haveli,P49600000146,RAJ HEAVENS PHASE II D WING,BURHANI TAMOS DEVELOPERS,396230,,New Project,03/31/2024,,,Group Housing,1301.0,413.88,2498.0,01/04/2023,,90.0,0.0,0.0,1.0,0.0,9.0,1.0,15.0,1.0,0.0,0.0,0.0
Dadra & Nagar Haveli,P49600000143,RAJESHREE COMPLEX A BUILDING,ABS DEVELOPERS,396230,,New Project,03/03/2025,,,Mixed Development(Residential  and Commercial),2325.0,242.47,4467.33,09/28/2022,,59.0,0.0,1.0,1.0,0.0,9.0,2.0,0.0,0.0,0.0,0.0,0.0
Dadra & Nagar Haveli,P49600000144,EKDANT SHLOK,Kalpeshkumar Takhatsinh Parmar,396230,"('20.270896000000000','73.016715000000000')",New Project,09/30/2024,,,Mixed Development(Residential  and Commercial),2400.0,240.93,4779.36,11/03/2023,,68.0,15.0,1.0,1.0,0.0,10.0,1.0,20.0,38.0,0.0,0.0,0.0
Dadra & Nagar Haveli,P49600000145,Nagjua Ananta,MICROMEGA PROJECTS,396230,"('72.989568000000000','20.284059000000000')",New Project,03/31/2027,,,Mixed Development(Residential  and Commercial),6900.0,1003.33,13782.79,11/18/2023,,274.0,0.0,0.0,5.0,0.0,45.0,5.0,36.0,5.0,0.0,0.0,0.0
Dadra & Nagar Haveli,P49600000148,KALPATARU SKYLINE,KALPATARU BUILDCON,396230,"('20.263625000000000','72.998315000000000')",New Project,12/31/2025,,,Mixed Development(Residential  and Commercial),2138.0,0.0,4108.37,10/26/2023,,66.0,37.0,0.0,1.0,0.0,9.0,0.0,12.0,0.0,0.0,0.0,0.0
Dadra & Nagar Haveli,P49600000147,KRISHNA TOWERS,PRABHAT PRATAPJI RAJPUROHIT,396230,,New Project,03/31/2029,,,Mixed Development(Residential  and Commercial),15860.0,0.0,14289.29,12/07/2023,,510.0,0.0,0.0,0.0,0.0,72.0,273.0,0.0,0.0,0.0,0.0,0.0
Dadra & Nagar Haveli,P49600000159,Tropical Greens Phase-2 B,MICROMEGA PROJECTS,396230,,New Project,12/31/2027,,,Mixed Development(Residential  and Commercial),35915.0,7835.0,71819.51,10/03/2023,,145.0,0.0,4.0,5.0,0.0,38.0,5.0,61.0,204.0,0.0,0.0,0.0
Dadra & Nagar Haveli,P49600000156,"SAKET RESIDENCY, PHASE-II, BUILDING-M",JALARAM DEVELOPERS,396230,,New Project,03/31/2028,,,Mixed Development(Residential  and Commercial),1872.0,350.0,0.0,06/10/2023,,54.0,0.0,0.0,1.0,0.0,9.0,1.0,27.0,1.0,0.0,0.0,0.0
Dadra & Nagar Haveli,P49600000149,YOGI WOODS PH-1,SHIV BUILDERS,396230,"('20.274986720000000','72.993132000000000')",New Project,12/31/2027,,,Group Housing,7083.0,680.0,14165.0,01/19/2024,,190.0,5.0,4.0,4.0,0.0,36.0,4.0,25.0,189.0,0.0,0.0,0.0
Dadra & Nagar Haveli,P49600000155,"SAKET RESIDENCY, PHASE-II, BUILDING-K",JALARAM DEVELOPERS,396230,,New Project,03/31/2028,,,Mixed Development(Residential  and Commercial),3918.45,350.0,3918.45,06/24/2023,,62.0,0.0,0.0,1.0,0.0,9.0,1.0,15.0,1.0,0.0,0.0,0.0
Dadra & Nagar Haveli,P49600000158,SIDDHI VINAYAK APPARTMENT-2,SIDDHI VINAYAK ENTERPRISES,396230,,New Project,12/31/2024,,,Mixed Development(Residential  and Commercial),854.0,0.0,1580.01,07/18/2023,,24.0,0.0,0.0,1.0,0.0,4.0,3.0,3.0,3.0,0.0,0.0,0.0
Dadra & Nagar Haveli,P49600000151,AKSHAR GREENS PHASE-2,MUNIVAR DEVELOPERS,396230,,New Project,02/26/2026,,,Group Housing,5650.42,0.0,9948.96,01/17/2024,,144.0,56.0,0.0,4.0,0.0,36.0,4.0,88.0,56.0,0.0,0.0,0.0
Dadra & Nagar Haveli,P49600000150,Mangalam Srushti,Mangalam Buildcon,396230,,New Project,12/31/2027,,,Group Housing,2500.0,0.0,7262.5,10/24/2023,,72.0,0.0,0.0,1.0,0.0,10.0,1.0,13.0,1.0,0.0,0.0,0.0
Dadra & Nagar Haveli,P49600000152,KASTURI FLORIDUS,FLORIDUS REALTORS LLP,396230,,New Project,12/31/2027,,,Group Housing,3710.72,829.22,4159.98,12/06/2023,,36.0,20.0,0.0,1.0,0.0,9.0,1.0,4.0,32.0,0.0,0.0,0.0
Dadra & Nagar Haveli,P49600000153,RAJESHREE RESIDENCY,J B DEVELOPERS,396230,,New Project,12/31/2027,,,Group Housing,1500.0,0.0,2786.04,05/04/2023,,72.0,0.0,0.0,1.0,0.0,9.0,1.0,15.0,24.0,0.0,0.0,0.0
Dadra & Nagar Haveli,P49600000157,PALLADIUM ALCOVE,SEVEN - 9 DEVCON LLP,396230,,New Project,12/31/2027,,,Mixed Development(Residential  and Commercial),3343.0,419.4,5327.14,06/29/2023,,128.0,0.0,1.0,2.0,0.0,16.0,2.0,41.0,1.0,0.0,0.0,0.0
Dadra & Nagar Haveli,P49600000154,AKSHAR RESIDENCY,SNT DEVELOPERS,396230,,New Project,11/30/2026,,,Group Housing,4000.0,930.98,6514.47,06/08/2023,,180.0,0.0,0.0,1.0,0.0,9.0,1.0,45.0,1.0,0.0,0.0,0.0
Dadra & Nagar Haveli,P49600000161,RUDRAKSHA,K AND R ASSOCIATES,396230,,New Project,12/31/2028,,,Mixed Development(Residential  and Commercial),1500.0,92.62,1680.92,12/04/2023,,40.0,0.0,0.0,0.0,0.0,7.0,0.0,20.0,4.0,0.0,0.0,0.0
Daman,P49500000001,FORTUNE DP NANO,G B & ASSOCIATES,396210,"('20.396363000000001','72.878711999999993')",On-Going Project,03/31/2020,09/30/2020,03/30/2022,Mixed Development(Residential  and Commercial),12682.94,1904.86,14582.94,03/23/2022,,569.0,466.0,0.0,7.0,0.0,49.0,0.0,35.0,0.0,0.0,0.0,0.0
Daman,P49500000002,FORTUNE PARADISE,DARSHAK BHUPATRAI SHAH,396210,"('20.423411999999999','72.846425999999994')",On-Going Project,12/31/2019,12/31/2019,12/30/2021,Mixed Development(Residential  and Commercial),2200.0,0.0,2498.03,06/10/2021,,58.0,29.0,0.0,1.0,0.0,5.0,0.0,10.0,0.0,0.0,0.0,0.0
Daman,P49500000003,MIDTOWN,MIDTOWN,396210,"('20.413868000000001','72.878467000000001')",On-Going Project,12/31/2019,12/31/2019,12/30/2021,Group Housing,2986.45,0.0,3784.05,06/10/2021,,141.0,93.0,0.0,1.0,0.0,5.0,0.0,0.0,0.0,0.0,0.0,0.0
Daman,P49500000005,FORTUNE-9,FORTUNE DREAM-CON PVT LTD,396210,"('18.488377900000000','74.102128199999996')",New Project,03/30/2022,,12/31/2022,Mixed Development(Residential  and Commercial),810.0,0.0,1922.01,03/23/2022,,30.0,0.0,1.0,1.0,0.0,5.0,0.0,10.0,0.0,0.0,0.0,0.0
Daman,P49500000004,Param Residency,Param Corporation,396215,"('19.077873700000001','72.905562700000004')",New Project,11/04/2021,,,Mixed Development(Residential  and Commercial),4335.0,730.0,6165.37,06/11/2021,,150.0,119.0,0.0,3.0,0.0,16.0,0.0,0.0,0.0,0.0,0.0,0.0
Daman,P49500000006,THE ADDRESS-PHASE-1,DARSHAK SHAH AND DHARMENDRA TANDEL,396210,"('19.285519600000001','72.869296700000007')",New Project,12/30/2021,,,Mixed Development(Residential  and Commercial),7097.0,0.0,4527.58,12/09/2023,,53.0,0.0,0.0,8.0,0.0,16.0,0.0,10.0,40.0,0.0,0.0,0.0
Daman,P49500000008,THE ADDRESS-PHASE 2,DARSHAK SHAH AND DHARMENDRA TANDEL,396210,"('20.528402799999999','76.210250000000002')",New Project,12/30/2022,,,Mixed Development(Residential  and Commercial),4465.0,0.0,9005.85,12/09/2023,,133.0,0.0,0.0,3.0,0.0,24.0,3.0,40.0,1.0,0.0,0.0,0.0
Daman,P49500000007,ROYAL BLISS,SHAILESH HARAKHCHAND KHUTHIYA,396210,"('19.096449199999999','74.739559099999994')",New Project,03/30/2021,,06/30/2022,Group Housing,900.0,0.0,1783.22,03/25/2023,,44.0,5.0,0.0,1.0,0.0,5.0,0.0,10.0,0.0,0.0,0.0,0.0
Daman,P49500000009,RASPBERRY BREEZE PHASE-1,HERRY RAJESHKUMAR PENGAWALA,396210,,New Project,12/30/2024,,,Group Housing,3800.0,2380.0,4362.0,01/30/2022,,52.0,0.0,0.0,0.0,0.0,4.0,0.0,52.0,0.0,0.0,0.0,0.0
Daman,P49500000010,Signature Home,Signature Developers,396210,,New Project,09/30/2020,,,Mixed Development(Residential  and Commercial),2600.0,0.0,2381.92,02/24/2022,,61.0,29.0,0.0,1.0,0.0,5.0,0.0,0.0,0.0,0.0,0.0,0.0
Daman,P49500000011,Fortune DP Nano-2 Phase-1,G B AND ASSOCIATES,396215,,New Project,03/30/2023,,,Group Housing,13525.0,1693.89,12164.32,12/09/2023,,378.0,0.0,0.0,7.0,0.0,56.0,7.0,115.0,7.0,0.0,0.0,0.0
Daman,P49500000012,DAMANIA ENCLAVE - B WING,SHEETAL NIKHIL DESAI,396210,,New Project,03/30/2022,,,Mixed Development(Residential  and Commercial),601.25,0.0,2552.19,02/08/2021,,48.0,0.0,0.0,1.0,0.0,10.0,0.0,20.0,0.0,0.0,0.0,0.0
Daman,P49500000013,Noble Residency Phase 1,Noble Enterprise,396210,,New Project,10/10/2022,,,Group Housing,5979.8,335.19,5969.36,11/26/2018,,40.0,0.0,0.0,1.0,0.0,3.0,0.0,0.0,0.0,0.0,0.0,0.0
Daman,P49500000014,Patel Complex,AMRUTBHAI DURLABHBHAI PATEL,396210,"('20.408019300000000','72.834312299999970')",New Project,12/30/2021,,,Mixed Development(Residential  and Commercial),1198.0,696.0,1371.31,02/16/2023,,34.0,30.0,0.0,1.0,0.0,4.0,0.0,28.0,22.0,0.0,0.0,0.0
Daman,P49500000015,"Param Residency A,C,E,F",Param Corporation,396230,,New Project,11/08/2023,,,Group Housing,8028.0,1125.0,8047.53,12/12/2023,,192.0,88.0,0.0,4.0,0.0,28.0,0.0,0.0,0.0,0.0,0.0,0.0
Daman,P49500000016,Abhishek Luxuria,Abhishek Developers,396210,"('20.426776100000000','72.847007299999970')",New Project,11/15/2019,,12/30/2022,Mixed Development(Residential  and Commercial),1000.0,605.0,1440.0,03/30/2022,,28.0,21.0,0.0,1.0,0.0,5.0,1.0,12.0,1.0,0.0,0.0,0.0
Daman,P49500000017,BALAJI HOMES,BALAJI DEVELOPERS,396210,,New Project,10/22/2021,,,Mixed Development(Residential  and Commercial),943.0,0.0,914.27,04/17/2023,,22.0,0.0,0.0,1.0,0.0,4.0,0.0,0.0,9.0,0.0,0.0,0.0
Daman,P49500000018,NIKETAN DREAMS BUILDING 1,SUNIL KESHAV DESAI,396210,"('20.426899000000000','72.847470000000000')",New Project,12/30/2024,,,Group Housing,2074.0,1000.0,2282.0,10/30/2023,,57.0,0.0,0.0,1.0,0.0,5.0,0.0,9.0,0.0,0.0,0.0,0.0
Daman,P49500000019,Shashwat Prangan,Shashwat Builders and Developers,396210,,New Project,04/30/2024,,,Mixed Development(Residential  and Commercial),3000.0,0.0,3417.89,02/18/2023,,107.0,60.0,0.0,4.0,0.0,16.0,4.0,0.0,4.0,0.0,0.0,0.0
Daman,P49500000020,TULSI RESIDENCY,OM ENTERPRISE,396210,"('20.408027000000000','72.870866000000000')",New Project,11/28/2023,,,Mixed Development(Residential  and Commercial),3810.0,2300.54,4381.37,02/25/2023,,114.0,0.0,0.0,2.0,0.0,8.0,0.0,45.0,0.0,0.0,0.0,0.0
Daman,P49500000021,SHREE GANESH ARCADE,SHREE GANESH FORTUNE,396210,,New Project,12/30/2023,,,Mixed Development(Residential  and Commercial),1200.0,0.0,1379.88,12/09/2023,,43.0,8.0,0.0,1.0,0.0,4.0,0.0,25.0,0.0,0.0,0.0,0.0
Daman,P49500000022,Noble Industrial Complex,Vrundavan Enterprise,396210,,New Project,11/30/2020,,,Commercial,3308.0,0.0,3688.55,12/31/2021,,19.0,0.0,0.0,2.0,0.0,5.0,0.0,0.0,0.0,0.0,0.0,0.0
Daman,P49500000023,Fortune Skyes,Fortune Dream-con Private Limited,396210,,New Project,03/30/2024,,,Group Housing,2600.0,0.0,2989.36,06/11/2021,,40.0,0.0,1.0,1.0,0.0,4.0,0.0,25.0,0.0,0.0,0.0,0.0
Daman,P49500000024,Vinayak A-Building,Malav Developer,396210,,New Project,12/30/2026,,,Mixed Development(Residential  and Commercial),1899.0,0.0,2255.01,06/20/2022,,36.0,28.0,0.0,1.0,0.0,5.0,0.0,12.0,0.0,0.0,0.0,0.0
Daman,P49500000025,DARSHNAM PARK,RINKU RAJNIKANT KAMLI,396210,,New Project,06/30/2025,,,Commercial,607.0,364.0,993.0,10/05/2020,,20.0,0.0,0.0,1.0,0.0,5.0,1.0,1.0,1.0,0.0,0.0,0.0
Daman,P49500000026,FORTUNE DP NANO EXTENSION,G B AND ASSOCIATES,396210,,New Project,06/30/2025,,,Mixed Development(Residential  and Commercial),1910.0,0.0,2193.35,12/09/2023,,67.0,40.0,0.0,2.0,0.0,8.0,1.0,45.0,1.0,0.0,0.0,0.0
Daman,P49500000027,SIGNATURE,RINKU RAJNIKANT KAMLI,396210,,New Project,06/30/2023,,,Group Housing,5852.0,0.0,4807.88,10/23/2020,,40.0,0.0,0.0,2.0,0.0,4.0,2.0,2.0,2.0,0.0,0.0,0.0
Daman,P49500000028,Vinayak B-Building,Malav Developer,396210,,New Project,06/30/2026,,,Mixed Development(Residential  and Commercial),1019.0,0.0,1243.24,12/28/2022,,25.0,11.0,0.0,1.0,0.0,5.0,0.0,0.0,0.0,0.0,0.0,0.0
Daman,P49500000029,THE ADDRESS EXTENSION,DARSHAK SHAH AND DHARMENDRA TANDEL,396210,,New Project,06/30/2026,,,Group Housing,2971.0,0.0,2090.08,12/08/2023,,14.0,11.0,0.0,1.0,0.0,2.0,0.0,0.0,0.0,0.0,0.0,0.0
Daman,P49500000031,NEO PARK,MS DARSHAN REALITY,396210,,New Project,12/31/2023,,,Group Housing,4700.0,4700.0,3319.45,04/03/2021,,138.0,0.0,0.0,4.0,0.0,16.0,4.0,4.0,4.0,0.0,0.0,0.0
Daman,P49500000030,Shivani Industrial Park,Ajaykumar Bhikhubhai Desai,396230,,New Project,06/30/2024,,,Commercial,3000.0,0.0,3561.5,03/18/2021,,22.0,0.0,0.0,1.0,1.0,3.0,0.0,0.0,0.0,0.0,0.0,0.0
Daman,P49500000033,KARAN COMPLEX,CAMBAY COAST CONSTRUCTION,396210,"('20.426776100000000','72.847007300000000')",New Project,10/15/2022,,,Group Housing,7669.0,0.0,7496.0,07/16/2021,,32.0,0.0,0.0,2.0,0.0,10.0,33.0,9.0,27.0,0.0,0.0,0.0
Daman,P49500000032,FORTUNE SHIV,FORTUNE DREAM-CON PRIVATE LIMITED,396210,,New Project,12/31/2025,,,Mixed Development(Residential  and Commercial),439.0,0.0,1069.51,07/16/2021,,23.0,0.0,1.0,1.0,0.0,5.0,0.0,20.0,0.0,0.0,0.0,0.0
Daman,P49500000035,Noble Oceano,Noble Associate,396220,,New Project,12/31/2026,,,Group Housing,12080.0,1622.73,12395.72,02/11/2022,,63.0,0.0,0.0,1.0,0.0,3.0,0.0,0.0,0.0,0.0,0.0,0.0
Daman,P49500000034,Dhangra Residency C1 C2 F,Dhangra Realtors,396210,"('20.451697600000000','72.855588700000000')",New Project,12/31/2025,,,Group Housing,5688.1,0.0,3629.28,10/10/2022,,72.0,0.0,0.0,3.0,0.0,9.0,0.0,72.0,0.0,0.0,0.0,0.0
Daman,P49500000036,FORTUNE GARDENS,FORTUNE GARDENS,396210,,New Project,12/31/2026,,,Group Housing,4707.0,1882.8,3959.3,12/09/2023,,34.0,32.0,0.0,5.0,0.0,10.0,0.0,0.0,0.0,0.0,0.0,0.0
Daman,P49500000037,Noble Residency,Noble Residency,396210,,New Project,12/31/2026,,,Mixed Development(Residential  and Commercial),8678.0,870.0,9807.09,06/04/2022,,220.0,0.0,0.0,5.0,0.0,24.0,5.0,13.0,5.0,0.0,0.0,0.0
Daman,P49500000038,"Niketan Dreams Building 2 - Wing C,D and Building 3 Wing E",SUNIL KESHAV DESAI,396210,"('20.397373600000000','72.832799100000000')",New Project,06/30/2025,,,Group Housing,5050.0,2995.0,5137.0,10/30/2023,,62.0,35.0,0.0,2.0,0.0,8.0,0.0,1.0,23.0,0.0,0.0,0.0
Daman,P49500000039,FORTUNE GARDENS-2,FORTUNE GARDENS,396210,,New Project,07/31/2027,,,Group Housing,2438.0,1461.8,2803.7,12/09/2023,,18.0,18.0,0.0,2.0,0.0,4.0,0.0,0.0,0.0,0.0,0.0,0.0
Daman,P49500000040,ROYAL HARMONY - B,SHAILESH HARAKHCHAND KHUTHIYA,396210,,New Project,12/30/2025,,,Group Housing,2100.0,1266.46,4394.51,12/05/2023,,42.0,8.0,0.0,1.0,0.0,6.0,0.0,42.0,0.0,0.0,0.0,0.0
Daman,P49500000045,Noble United Industrial Park,Artmatrix Properties Private Limited,396210,,New Project,12/31/2025,,,Commercial,20366.0,2550.0,29105.98,02/08/2023,,11.0,0.0,0.0,2.0,0.0,4.0,2.0,150.0,0.0,0.0,0.0,0.0
Daman,P49500000041,Fortune DP Nano-2 Phase - 2,G B AND ASSOCIATES,396210,,New Project,03/31/2027,,,Mixed Development(Residential  and Commercial),7353.0,4933.26,8376.8,01/12/2024,,235.0,109.0,0.0,4.0,0.0,19.0,0.0,146.0,0.0,0.0,0.0,0.0
Daman,P49500000042,FORTUNE AMAIRA,FORTUNE PARVATI,396210,,New Project,03/31/2029,,,Mixed Development(Residential  and Commercial),2300.0,1785.52,4839.38,01/12/2024,,76.0,9.0,1.0,1.0,0.0,9.0,0.0,25.0,25.0,0.0,0.0,0.0
Daman,P49500000043,Shree Hari Commercial Building Phase 1,ASHOKKUMAR HARIBHAI TANDEL,396210,"('20.241747800000000','72.521616000000000')",New Project,03/31/2027,,,Commercial,9204.1,1700.0,8827.0,10/30/2023,,89.0,6.0,0.0,1.0,0.0,3.0,0.0,80.0,0.0,0.0,0.0,0.0
Daman,P49500000044,Vama Park,Vama Realty,396210,,New Project,03/31/2026,,,Group Housing,6710.0,746.0,5716.26,10/31/2023,,35.0,16.0,0.0,4.0,0.0,8.0,0.0,0.0,35.0,0.0,0.0,0.0
Daman,P49500000046,Golden Palace,Amratbhai Paragji Patel,396210,,New Project,03/31/2028,,,Mixed Development(Residential  and Commercial),2600.0,0.0,8476.45,10/25/2023,,95.0,0.0,0.0,1.0,0.0,9.0,1.0,29.0,1.0,0.0,0.0,0.0
Daman,P49500000047,Krishna Vaas,LAASYA LIFESPACES,396220,,New Project,12/31/2026,,,Group Housing,357.0,569.0,335.0,09/27/2023,,1.0,0.0,0.0,1.0,0.0,2.0,0.0,4.0,0.0,0.0,0.0,0.0
